study_hours,attendance,group_discussion,previous_test_score,final_exam_pass
29,92,No,56,Fail
15,85,No,72,Pass
22,51,Yes,96,Fail
15,62,No,78,Fail
27,78,No,67,Fail
29,62,Yes,95,Fail
22,92,No,48,Pass
30,60,Yes,53,Pass
11,59,Yes,58,Pass
27,92,No,96,Fail
23,89,No,84,Pass
26,90,No,36,Fail
7,94,Yes,83,Fail
10,72,No,65,Pass
14,77,Yes,99,Fail
30,96,No,91,Fail
21,71,No,33,Fail
22,85,Yes,86,Pass
5,60,No,52,Fail
27,86,Yes,39,Fail
27,62,Yes,40,Pass
9,78,No,33,Pass
17,87,No,74,Pass
21,81,No,89,Fail
20,81,Yes,43,Fail
9,94,No,89,Pass
30,78,Yes,85,Pass
13,88,Yes,87,Pass
18,90,No,48,Fail
8,84,No,71,Pass
11,59,No,53,Fail
9,88,Yes,45,Fail
25,71,No,78,Pass
15,78,Yes,71,Fail
24,89,Yes,66,Pass
10,53,Yes,55,Fail
17,70,No,32,Fail
23,54,Yes,90,Fail
28,70,No,58,Pass
30,60,No,30,Pass
15,74,Yes,57,Pass
5,65,Yes,63,Fail
27,63,Yes,66,Fail
11,67,Yes,73,Pass
23,93,Yes,94,Pass
12,55,Yes,98,Pass
14,92,No,93,Fail
27,80,Yes,57,Fail
26,74,No,47,Pass
29,55,Yes,84,Fail
24,56,Yes,79,Pass
27,62,No,72,Fail
26,94,Yes,95,Pass
13,91,No,70,Fail
7,74,No,38,Fail
19,74,No,48,Fail
10,61,No,31,Fail
25,61,No,49,Fail
11,89,No,98,Fail
13,59,No,92,Fail
12,91,Yes,52,Pass
18,65,No,50,Fail
18,54,No,37,Pass
25,88,Yes,86,Pass
17,97,Yes,55,Fail
13,97,Yes,51,Pass
5,67,No,38,Fail
5,55,No,93,Pass
29,91,Yes,62,Pass
6,86,Yes,44,Pass
13,89,No,72,Fail
18,97,No,51,Fail
25,75,Yes,51,Pass
20,89,Yes,51,Fail
24,76,No,76,Pass
15,66,No,73,Fail
6,54,Yes,45,Pass
16,53,Yes,73,Fail
22,94,Yes,63,Fail
15,78,No,30,Pass
11,57,No,64,Fail
30,88,Yes,85,Pass
8,79,Yes,46,Pass
8,58,Yes,72,Pass
15,68,Yes,62,Pass
14,68,No,65,Pass
29,98,Yes,100,Fail
17,79,No,71,Pass
8,85,Yes,49,Pass
8,57,Yes,86,Fail
19,84,Yes,46,Fail
6,86,No,46,Pass
13,73,No,56,Pass
26,67,No,71,Fail
10,98,No,39,Pass
25,70,No,71,Pass
7,52,Yes,84,Pass
7,96,No,100,Pass
10,70,Yes,65,Fail
24,52,Yes,62,Fail
